{
  "Ansi 5 Color" : {
    "Green Component" : 0.60392159223556519,
    "Blue Component" : 0.85882353782653809,
    "Red Component" : 0.67450982332229614
  },
  "Tags" : [

  ],
  "Ansi 12 Color" : {
    "Green Component" : 0.3333333432674408,
    "Blue Component" : 1,
    "Red Component" : 0.3333333432674408
  },
  "Has Hotkey" : false,
  "Ansi 7 Color" : {
    "Green Component" : 0.73333334922790527,
    "Blue Component" : 0.73333334922790527,
    "Red Component" : 0.73333334922790527
  },
  "Bold Color" : {
    "Green Component" : 0.64705884456634521,
    "Blue Component" : 0.85098040103912354,
    "Red Component" : 0.48235294222831726
  },
  "Ansi 8 Color" : {
    "Green Component" : 0.33333333333333331,
    "Blue Component" : 0.33333333333333331,
    "Red Component" : 0.33333333333333331
  },
  "Ansi 9 Color" : {
    "Green Component" : 0.3333333432674408,
    "Blue Component" : 0.3333333432674408,
    "Red Component" : 1
  },
  "Ansi 6 Color" : {
    "Green Component" : 0.73333334922790527,
    "Blue Component" : 0.73333334922790527,
    "Red Component" : 0
  },
  "Rows" : 25,
  "Default Bookmark" : "No",
  "Horizontal Spacing" : 1,
  "Cursor Guide Color" : {
    "Red Component" : 0.70213186740875244,
    "Color Space" : "sRGB",
    "Blue Component" : 1,
    "Alpha Component" : 0.25,
    "Green Component" : 0.9268307089805603
  },
  "Non-ASCII Anti Aliased" : true,
  "Use Bright Bold" : false,
  "Ansi 10 Color" : {
    "Green Component" : 1,
    "Blue Component" : 0.3333333432674408,
    "Red Component" : 0.3333333432674408
  },
  "Ambiguous Double Width" : true,
  "Jobs to Ignore" : [
    "rlogin",
    "ssh",
    "slogin",
    "telnet"
  ],
  "Ansi 15 Color" : {
    "Green Component" : 1,
    "Blue Component" : 1,
    "Red Component" : 1
  },
  "Foreground Color" : {
    "Green Component" : 0.78431373834609985,
    "Blue Component" : 0.78823530673980713,
    "Red Component" : 0.78039216995239258
  },
  "Bound Hosts" : [

  ],
  "Working Directory" : "\/Users\/takamario",
  "Blinking Cursor" : true,
  "Disable Window Resizing" : true,
  "Sync Title" : false,
  "Prompt Before Closing 2" : false,
  "BM Growl" : true,
  "Command" : "",
  "Description" : "Default",
  "Mouse Reporting" : false,
  "Screen" : -1,
  "Selection Color" : {
    "Green Component" : 0.0037887054495513452,
    "Blue Component" : 0.1989070326089859,
    "Red Component" : 0.10134787112474442
  },
  "Columns" : 80,
  "Idle Code" : 0,
  "Ansi 13 Color" : {
    "Green Component" : 0.3333333432674408,
    "Blue Component" : 1,
    "Red Component" : 1
  },
  "Custom Command" : "No",
  "ASCII Anti Aliased" : true,
  "Non Ascii Font" : "HackNFM-Regular 13",
  "Vertical Spacing" : 1,
  "Use Bold Font" : true,
  "Option Key Sends" : 0,
  "Selected Text Color" : {
    "Green Component" : 0.65098041296005249,
    "Blue Component" : 0.84705883264541626,
    "Red Component" : 0.45882353186607361
  },
  "Background Color" : {
    "Green Component" : 0.071581222116947174,
    "Blue Component" : 0.091177865862846347,
    "Red Component" : 0.069047316908836393
  },
  "Character Encoding" : 4,
  "Ansi 11 Color" : {
    "Green Component" : 1,
    "Blue Component" : 0.3333333432674408,
    "Red Component" : 1
  },
  "Non-ASCII Ligatures" : true,
  "Use Italic Font" : true,
  "Unlimited Scrollback" : false,
  "Keyboard Map" : {

  },
  "Window Type" : 0,
  "Blur Radius" : 5.3940204326923071,
  "Background Image Location" : "",
  "Blur" : true,
  "Badge Color" : {
    "Red Component" : 1,
    "Color Space" : "sRGB",
    "Blue Component" : 0,
    "Alpha Component" : 0.5,
    "Green Component" : 0.1491314172744751
  },
  "Scrollback Lines" : 100000,
  "Send Code When Idle" : false,
  "Close Sessions On End" : true,
  "Terminal Type" : "xterm-256color",
  "Visual Bell" : true,
  "Flashing Bell" : false,
  "Silence Bell" : true,
  "Ansi 14 Color" : {
    "Green Component" : 1,
    "Blue Component" : 1,
    "Red Component" : 0.3333333432674408
  },
  "ASCII Ligatures" : true,
  "Name" : "Iceberg",
  "Cursor Text Color" : {
    "Green Component" : 1,
    "Blue Component" : 1,
    "Red Component" : 1
  },
  "Shortcut" : "",
  "Cursor Color" : {
    "Green Component" : 0.73333334922790527,
    "Blue Component" : 0.73333334922790527,
    "Red Component" : 0.73333334922790527
  },
  "Transparency" : 0.14239395293304893,
  "Guid" : "B5F08577-484C-4FE7-98EC-3A294422B667",
  "Ansi 2 Color" : {
    "Green Component" : 0.61960786581039429,
    "Blue Component" : 0.48627451062202454,
    "Red Component" : 0.44705882668495178
  },
  "Ansi 3 Color" : {
    "Green Component" : 0.66274511814117432,
    "Blue Component" : 0.47058823704719543,
    "Red Component" : 0.94509804248809814
  },
  "Ansi 4 Color" : {
    "Green Component" : 0.66274511814117432,
    "Blue Component" : 0.83137255907058716,
    "Red Component" : 0.54509806632995605
  },
  "Right Option Key Sends" : 0,
  "Use Non-ASCII Font" : true,
  "Ansi 0 Color" : {
    "Green Component" : 0,
    "Blue Component" : 0,
    "Red Component" : 0
  },
  "Normal Font" : "HackNFM-Regular 13",
  "Ansi 1 Color" : {
    "Green Component" : 0.47450980544090271,
    "Blue Component" : 0.48627451062202454,
    "Red Component" : 0.87450981140136719
  },
  "Custom Directory" : "No",
  "Link Color" : {
    "Red Component" : 0,
    "Color Space" : "sRGB",
    "Blue Component" : 0.73423302173614502,
    "Alpha Component" : 1,
    "Green Component" : 0.35916060209274292
  }
}